{"data_path": "/static/data/nanoenzyme-medline-102000-20250706_1751862932/", "input_path": "upload/nanoenzyme-medline-102000-20250706.xlsx", "countries": ["China", "Denmark", "USA", "UK", "India", "Italy", "Korea", "Japan", "Netherlands", "Hungary", "Argentina", "Germany", "Switzerland", "France", "Belgium", "Mexico", "Canada", "Croatia", "Portugal", "Spain", "Egypt", "Russia", "Brazil", "Turkey", "Georgia", "Sweden", "Israel", "Ireland", "Bangladesh", "Kazakhstan", "Australia", "Poland", "Saudi Arabia", "Lebanon", "Czech Republic", "Pakistan", "Austria", "New Zealand", "Serbia"], "researches": ["Biochemistry and Molecular Biology", "Pharmacology and Pharmacy", "Cell Biology", "Immunology", "Genetics and Heredity", "Physiology", "Gastroenterology and Hepatology", "Others"], "journals": ["Skin research and technology : official journal of International Society for Bioengineering and the Skin (ISBS) [and] International Society for Digital Imaging of Skin (ISDIS) [and] International Society for Skin Imaging (ISSI)", "Amino acids", "Nuclear medicine and molecular imaging", "Complementary medicine research", "Molecular neurodegeneration", "Clinical endocrinology", "Acta neuropathologica", "Frontiers in bioscience (Scholar edition)", "Journal of cardiovascular translational research", "European review for medical and pharmacological sciences", "Investigative radiology", "Interactive cardiovascular and thoracic surgery", "Progress in clinical immunology", "Journal of Nepal Health Research Council", "Primary care diabetes", "American journal of clinical oncology", "JCO global oncology", "Translational animal science", "Critical care (London, England)", "Clinics in perinatology", "BMC physiology", "Journal of hepato-biliary-pancreatic sciences", "Canadian journal of veterinary research = Revue canadienne de recherche veterinaire", "Hybridoma", "Lab animal", "Cancer research and treatment", "Journal of biochemical and molecular toxicology", "Clinical cardiology", "Medicinal research reviews", "Czechoslovak medicine", "Folia histochemica et cytobiologica", "Internationale Zeitschrift fur Vitamin- und Ernahrungsforschung. Beiheft", "Journal of medical virology", "Magnesium research", "Genes & nutrition", "Annual review of chemical and biomolecular engineering", "Clinics in laboratory medicine", "The journal of advanced prosthodontics", "Gastroenterology and hepatology from bed to bench", "Interdisciplinary perspectives on infectious diseases"], "timelines": [1974, 1975, 1976, 1977, 1978, 1979, 1980, 1981, 1982, 1983, 1984, 1985, 1986, 1987, 1988, 1989, 1990, 1991, 1992, 1993, 1994, 1995, 1996, 1997, 1998, 1999, 2000, 2001, 2002, 2003, 2004, 2005, 2006, 2007, 2008, 2009, 2010, 2011, 2012, 2013, 2014, 2015, 2016, 2017, 2018, 2019, 2020, 2021, 2022, 2023, 2024, 2025], "column_name_set": ["Since 2013 Usage Count", "Research Areas", "Article Title", "DOI", "Source Title", "Keyword List", "Authors", "Abstract", "Publication Year", "Addresses"], "colors_in_circle": ["#65B252", "#3896ED", "#F36EA7", "#9454E6", "#FF8800", "#EB7E6A", "#FFD135", "#6A53EC"], "colors_dataq": ["#66CCCC", "#FF99CC", "#FF9999", "#99CC66", "#5151A2", "#FF9900", "#FF6600", "#CCFF66"]}